datetime,symbol,open,high,low,close,volume,sma_20days,upper_bollinger,lower_bollinger
2021-06-01 09:15:00,NSE:NIFTY_50,15629.65,15660.75,15528.3,15574.85,1e+100,,,
2021-06-02 09:15:00,NSE:NIFTY_50,15520.35,15597.45,15459.85,15576.2,1e+100,,,
2021-06-03 09:15:00,NSE:NIFTY_50,15655.55,15705.1,15611.0,15690.35,1e+100,,,
2021-06-04 09:15:00,NSE:NIFTY_50,15712.5,15733.6,15622.35,15670.25,1e+100,,,
2021-06-07 09:15:00,NSE:NIFTY_50,15725.1,15773.45,15678.1,15751.65,1e+100,,,
2021-06-08 09:15:00,NSE:NIFTY_50,15773.9,15778.8,15680.0,15740.1,1e+100,,,
2021-06-09 09:15:00,NSE:NIFTY_50,15766.3,15800.45,15566.9,15635.35,1e+100,,,
2021-06-10 09:15:00,NSE:NIFTY_50,15692.1,15751.25,15648.5,15737.75,1e+100,,,
2021-06-11 09:15:00,NSE:NIFTY_50,15796.45,15835.55,15749.8,15799.35,1e+100,,,
2021-06-14 09:15:00,NSE:NIFTY_50,15791.4,15823.05,15606.5,15811.85,1e+100,,,
2021-06-15 09:15:00,NSE:NIFTY_50,15866.95,15901.6,15842.4,15869.25,1e+100,,,
2021-06-16 09:15:00,NSE:NIFTY_50,15847.5,15880.85,15742.6,15767.55,1e+100,,,
2021-06-17 09:15:00,NSE:NIFTY_50,15648.3,15769.35,15616.75,15691.4,1e+100,,,
2021-06-18 09:15:00,NSE:NIFTY_50,15756.5,15761.5,15450.9,15683.35,1e+100,,,
2021-06-21 09:15:00,NSE:NIFTY_50,15525.85,15765.15,15505.65,15746.5,1e+100,,,
2021-06-22 09:15:00,NSE:NIFTY_50,15840.5,15895.75,15752.1,15772.75,1e+100,,,
2021-06-23 09:15:00,NSE:NIFTY_50,15862.8,15862.95,15673.95,15686.95,1e+100,,,
2021-06-24 09:15:00,NSE:NIFTY_50,15737.3,15821.4,15702.7,15790.45,1e+100,,,
2021-06-25 09:15:00,NSE:NIFTY_50,15839.35,15870.8,15772.3,15860.35,1e+100,,,
2021-06-28 09:15:00,NSE:NIFTY_50,15915.35,15915.65,15792.15,15814.7,1e+100,15733.5475,15816.249880916213,15650.845119083788
2021-06-29 09:15:00,NSE:NIFTY_50,15807.5,15835.9,15724.05,15748.45,1e+100,15742.227500000003,15816.028203311085,15668.42679668892
2021-06-30 09:15:00,NSE:NIFTY_50,15776.9,15839.1,15708.75,15721.5,1e+100,15749.492500000002,15812.443285445124,15686.54171455488
2021-07-01 09:15:00,NSE:NIFTY_50,15755.05,15755.55,15667.05,15680.0,1e+100,15748.975,15812.477690577063,15685.472309422938
2021-07-02 09:15:00,NSE:NIFTY_50,15705.85,15738.35,15635.95,15722.2,1e+100,15751.572499999998,15812.703755411269,15690.441244588728
2021-07-05 09:15:00,NSE:NIFTY_50,15793.4,15845.95,15762.05,15834.35,1e+100,15755.7075,15819.579790909695,15691.835209090306
2021-07-06 09:15:00,NSE:NIFTY_50,15813.75,15914.2,15801.0,15818.25,1e+100,15759.615,15824.8579953893,15694.3720046107
2021-07-07 09:15:00,NSE:NIFTY_50,15819.6,15893.55,15779.7,15879.65,1e+100,15771.829999999998,15835.431889660771,15708.228110339225
2021-07-08 09:15:00,NSE:NIFTY_50,15855.4,15885.75,15682.9,15727.9,1e+100,15771.3375,15835.254532724997,15707.420467275002
2021-07-09 09:15:00,NSE:NIFTY_50,15688.25,15730.85,15632.75,15689.8,1e+100,15765.86,15831.908609690934,15699.811390309067
2021-07-12 09:15:00,NSE:NIFTY_50,15766.8,15789.2,15644.75,15692.6,1e+100,15759.897500000001,15826.950847722463,15692.84415227754
2021-07-13 09:15:00,NSE:NIFTY_50,15794.0,15820.8,15744.6,15812.35,1e+100,15757.0525,15820.322303379944,15693.782696620056
2021-07-14 09:15:00,NSE:NIFTY_50,15808.7,15877.35,15764.2,15853.95,1e+100,15761.372500000001,15828.243929024187,15694.501070975815
2021-07-15 09:15:00,NSE:NIFTY_50,15872.15,15952.35,15855.0,15924.2,1e+100,15773.0125,15846.950889848718,15699.074110151283
2021-07-16 09:15:00,NSE:NIFTY_50,15958.35,15962.25,15882.6,15923.4,1e+100,15785.015,15863.005100755092,15707.024899244907
2021-07-19 09:15:00,NSE:NIFTY_50,15754.5,15836.9,15707.5,15752.4,1e+100,15785.310000000001,15863.15777757704,15707.462222422962
2021-07-20 09:15:00,NSE:NIFTY_50,15703.95,15728.45,15578.55,15632.1,1e+100,15778.2775,15863.338370580705,15693.216629419296
2021-07-22 09:15:00,NSE:NIFTY_50,15736.6,15834.8,15726.4,15824.05,1e+100,15785.132500000002,15867.940544160165,15702.324455839838
2021-07-23 09:15:00,NSE:NIFTY_50,15856.8,15899.8,15768.4,15856.05,1e+100,15788.4125,15872.727735363922,15704.097264636079
2021-07-26 09:15:00,NSE:NIFTY_50,15849.3,15893.35,15797.0,15824.45,1e+100,15786.617499999998,15869.693678223108,15703.54132177689
2021-07-27 09:15:00,NSE:NIFTY_50,15860.5,15881.55,15701.0,15746.45,1e+100,15783.204999999998,15866.468460900038,15699.941539099958
2021-07-28 09:15:00,NSE:NIFTY_50,15761.55,15767.5,15513.45,15709.4,1e+100,15781.252499999999,15865.821468233966,15696.683531766032
2021-07-29 09:15:00,NSE:NIFTY_50,15762.7,15817.35,15737.8,15778.45,1e+100,15784.1,15867.501888467828,15700.698111532172
2021-07-30 09:15:00,NSE:NIFTY_50,15800.6,15862.8,15744.85,15763.05,1e+100,15788.252499999999,15868.19427235404,15708.310727645958
2021-08-02 09:15:00,NSE:NIFTY_50,15874.9,15892.9,15834.65,15885.15,1e+100,15796.4,15877.550156467729,15715.24984353227
2021-08-03 09:15:00,NSE:NIFTY_50,15951.55,16146.9,15914.35,16130.75,1e+100,15811.220000000001,15921.501620838366,15700.938379161636
2021-08-04 09:15:00,NSE:NIFTY_50,16195.25,16290.2,16176.15,16258.8,1e+100,15833.247500000001,15982.21816160737,15684.276838392632
2021-08-05 09:15:00,NSE:NIFTY_50,16288.95,16349.45,16210.3,16294.6,1e+100,15853.995,16035.180665823764,15672.809334176238
2021-08-06 09:15:00,NSE:NIFTY_50,16304.4,16336.75,16223.3,16238.2,1e+100,15879.51,16077.184625398195,15681.835374601806
2021-08-09 09:15:00,NSE:NIFTY_50,16281.35,16320.75,16179.05,16258.25,1e+100,15907.9325,16117.408943390486,15698.456056609515
2021-08-10 09:15:00,NSE:NIFTY_50,16274.8,16359.25,16202.25,16280.1,1e+100,15937.307499999999,16155.988952583313,15718.626047416685
2021-08-11 09:15:00,NSE:NIFTY_50,16327.3,16338.75,16162.55,16282.25,1e+100,15960.8025,16190.326105869455,15731.278894130544
2021-08-12 09:15:00,NSE:NIFTY_50,16303.65,16375.5,16286.9,16364.4,1e+100,15986.325,16231.208017452913,15741.441982547089
2021-08-13 09:15:00,NSE:NIFTY_50,16385.699,16543.6,16376.3,16529.1,1e+100,16016.569999999998,16289.163406202835,15743.97659379716
2021-08-16 09:15:00,NSE:NIFTY_50,16518.4,16589.4,16480.75,16563.051,1e+100,16048.552550000002,16346.027829943429,15751.077270056576
2021-08-17 09:15:00,NSE:NIFTY_50,16545.25,16628.551,16495.4,16614.6,1e+100,16091.66255,16405.9598650036,15777.365234996398
2021-08-18 09:15:00,NSE:NIFTY_50,16691.949,16701.85,16535.85,16568.85,1e+100,16138.500049999999,16450.497716919497,15826.5023830805
2021-08-20 09:15:00,NSE:NIFTY_50,16382.5,16509.551,16376.05,16450.5,1e+100,16169.82255,16480.03058663204,15859.61451336796
2021-08-23 09:15:00,NSE:NIFTY_50,16592.25,16592.5,16395.699,16496.449,1e+100,16201.842499999999,16511.007553395262,15892.677446604734
2021-08-24 09:15:00,NSE:NIFTY_50,16561.4,16647.1,16495.301,16624.6,1e+100,16241.85,16551.379726333867,15932.320273666133
2021-08-25 09:15:00,NSE:NIFTY_50,16654.0,16712.449,16617.5,16634.65,1e+100,16286.26,16584.481932212806,15988.038067787194
2021-08-26 09:15:00,NSE:NIFTY_50,16627.949,16683.699,16603.4,16636.9,1e+100,16332.635,16607.642964832223,16057.627035167778
2021-08-27 09:15:00,NSE:NIFTY_50,16642.551,16722.051,16565.6,16705.199,1e+100,16378.972449999997,16632.961464279935,16124.98343572006
2021-08-30 09:15:00,NSE:NIFTY_50,16775.85,16951.5,16764.85,16931.051,1e+100,16437.3725,16676.11006923043,16198.63493076957
2021-08-31 09:15:00,NSE:NIFTY_50,16947.5,17153.5,16915.85,17132.199,1e+100,16499.72495,16749.250239031095,16250.199660968903
2021-09-01 09:15:00,NSE:NIFTY_50,17185.6,17225.75,17055.051,17076.25,1e+100,16546.999949999998,16812.025731715563,16281.97416828443
2021-09-02 09:15:00,NSE:NIFTY_50,17095.4,17245.5,17059.699,17234.15,1e+100,16595.76745,16892.77757151945,16298.757328480548
2021-09-03 09:15:00,NSE:NIFTY_50,17262.449,17340.1,17212.199,17323.6,1e+100,16647.21745,16976.665279214998,16317.769620785004
2021-09-06 09:15:00,NSE:NIFTY_50,17399.35,17429.551,17345.551,17377.801,1e+100,16704.197500000002,17056.909108637177,16351.485891362827
2021-09-07 09:15:00,NSE:NIFTY_50,17401.551,17436.5,17287.0,17362.1,1e+100,16759.39,17124.78426320692,16393.99573679308
2021-09-08 09:15:00,NSE:NIFTY_50,17375.75,17383.4,17254.199,17353.5,1e+100,16813.06,17183.1513681004,16442.968631899603
2021-09-09 09:15:00,NSE:NIFTY_50,17312.85,17379.65,17302.699,17369.25,1e+100,16867.41,17235.25539115647,16499.56460884353
2021-09-13 09:15:00,NSE:NIFTY_50,17363.551,17378.35,17269.15,17355.301,1e+100,16916.955049999997,17280.18752103698,16553.722578963014
2021-09-14 09:15:00,NSE:NIFTY_50,17420.35,17438.551,17367.051,17380.0,1e+100,16959.50005,17324.739429160905,16594.260670839092
2021-09-15 09:15:00,NSE:NIFTY_50,17387.65,17532.699,17386.9,17519.449,1e+100,17007.319949999997,17380.445609540773,16634.19429045922
2021-09-16 09:15:00,NSE:NIFTY_50,17539.199,17644.6,17510.449,17629.5,1e+100,17058.06495,17443.77075234825,16672.35914765175
2021-09-17 09:15:00,NSE:NIFTY_50,17709.65,17792.949,17537.65,17585.15,1e+100,17108.879950000002,17493.687109597136,16724.072790402868
2021-09-20 09:15:00,NSE:NIFTY_50,17443.85,17622.75,17361.801,17396.9,1e+100,17156.199950000002,17512.951536438923,16799.44836356108
2021-09-21 09:15:00,NSE:NIFTY_50,17450.5,17578.35,17326.1,17562.0,1e+100,17209.4775,17541.20302160366,16877.751978396343
2021-09-22 09:15:00,NSE:NIFTY_50,17580.9,17610.449,17524.0,17546.65,1e+100,17255.58,17565.069342270897,16946.090657729106
2021-09-23 09:15:00,NSE:NIFTY_50,17670.85,17843.9,17646.551,17822.949,1e+100,17314.99495,17612.850460555484,17017.139439444516
2021-09-24 09:15:00,NSE:NIFTY_50,17897.449,17947.65,17819.4,17853.199,1e+100,17375.8099,17651.254217951922,17100.365582048078
2021-09-27 09:15:00,NSE:NIFTY_50,17932.199,17943.5,17802.9,17855.1,1e+100,17433.30495,17679.903737594363,17186.70616240564
2021-09-28 09:15:00,NSE:NIFTY_50,17906.449,17912.85,17576.1,17748.6,1e+100,17474.182399999998,17700.03061389958,17248.334186100416
2021-09-29 09:15:00,NSE:NIFTY_50,17657.949,17781.75,17608.15,17711.301,1e+100,17503.1375,17719.767857859606,17286.507142140395
2021-09-30 09:15:00,NSE:NIFTY_50,17718.9,17742.15,17585.35,17618.15,1e+100,17530.232500000002,17723.263406167523,17337.20159383248
2021-10-01 09:15:00,NSE:NIFTY_50,17531.9,17557.15,17452.9,17532.051,1e+100,17545.127549999997,17725.165395996068,17365.089704003927
2021-10-04 09:15:00,NSE:NIFTY_50,17615.551,17750.9,17581.35,17691.25,1e+100,17563.51005,17738.43527954367,17388.58482045633
2021-10-05 09:15:00,NSE:NIFTY_50,17661.35,17833.449,17640.9,17822.301,1e+100,17585.73505,17764.028683433757,17407.441416566242
2021-10-06 09:15:00,NSE:NIFTY_50,17861.5,17884.6,17613.15,17646.0,1e+100,17599.930050000003,17770.62106706812,17429.239032931884
2021-10-07 09:15:00,NSE:NIFTY_50,17810.551,17857.551,17763.801,17790.35,1e+100,17621.77255,17787.137081062556,17456.408018937447
2021-10-08 09:15:00,NSE:NIFTY_50,17886.85,17941.85,17840.35,17895.199,1e+100,17648.07,17812.98248114463,17483.15751885537
2021-10-11 09:15:00,NSE:NIFTY_50,17867.551,18041.949,17839.1,17945.949,1e+100,17677.6024,17840.196722519042,17515.008077480958
2021-10-12 09:15:00,NSE:NIFTY_50,17915.801,18008.65,17864.949,17991.949,1e+100,17708.19985,17869.41625867723,17546.983441322773
2021-10-13 09:15:00,NSE:NIFTY_50,18097.85,18197.801,18050.75,18161.75,1e+100,17740.3149,17924.3167885155,17556.3130114845
2021-10-14 09:15:00,NSE:NIFTY_50,18272.85,18350.75,18248.699,18338.551,1e+100,17775.76745,18000.98617734829,17550.548722651707
2021-10-18 09:15:00,NSE:NIFTY_50,18500.1,18543.15,18445.301,18477.051,1e+100,17820.3625,18089.809815755143,17550.915184244855
2021-10-19 09:15:00,NSE:NIFTY_50,18602.35,18604.449,18377.699,18418.75,1e+100,17871.455,18152.989657444967,17589.920342555037
2021-10-20 09:15:00,NSE:NIFTY_50,18439.9,18458.301,18209.35,18266.6,1e+100,17906.685,18191.523607997253,17621.84639200275
2021-10-21 09:15:00,NSE:NIFTY_50,18382.699,18384.199,18048.0,18178.1,1e+100,17938.2575,18215.995739637845,17660.519260362154
2021-10-22 09:15:00,NSE:NIFTY_50,18230.699,18314.25,18034.35,18114.9,1e+100,17952.855050000002,18231.883139389567,17673.826960610437
2021-10-25 09:15:00,NSE:NIFTY_50,18229.5,18241.4,17968.5,18125.4,1e+100,17966.4651,18247.010863313346,17685.919336686657
2021-10-26 09:15:00,NSE:NIFTY_50,18154.5,18310.449,18099.301,18268.4,1e+100,17987.130100000002,18274.187240358788,17700.072959641217
2021-10-27 09:15:00,NSE:NIFTY_50,18295.85,18342.051,18167.9,18210.949,1e+100,18010.24755,18295.696798534515,17724.798301465486
2021-10-28 09:15:00,NSE:NIFTY_50,18187.65,18190.699,17799.449,17857.25,1e+100,18017.545000000002,18296.746714603065,17738.34328539694
2021-10-29 09:15:00,NSE:NIFTY_50,17833.051,17915.85,17613.1,17671.65,1e+100,18020.22,18295.62422194223,17744.81577805777
2021-11-01 09:15:00,NSE:NIFTY_50,17783.15,17954.1,17697.1,17929.65,1e+100,18040.09995,18291.73585321058,17788.46404678942
2021-11-02 09:15:00,NSE:NIFTY_50,17970.9,18012.25,17847.6,17888.949,1e+100,18049.984900000003,18290.84825995947,17809.121540040534
2021-11-03 09:15:00,NSE:NIFTY_50,17947.949,17988.75,17757.949,17829.199,1e+100,18050.3298,18290.854673584912,17809.804926415087
2021-11-04 18:00:00,NSE:NIFTY_50,17935.051,17947.551,17900.6,17916.801,1e+100,18063.86985,18287.461674493825,17840.278025506173
2021-11-08 09:15:00,NSE:NIFTY_50,18040.199,18087.801,17836.1,18068.551,1e+100,18077.7799,18291.91362489741,17863.646175102593
2021-11-09 09:15:00,NSE:NIFTY_50,18084.35,18112.6,17983.051,18044.25,1e+100,18085.23245,18295.23112790931,17875.23377209069
2021-11-10 09:15:00,NSE:NIFTY_50,17973.449,18061.25,17915.0,18017.199,1e+100,18088.794950000003,18296.902246781392,17880.687653218614
2021-11-11 09:15:00,NSE:NIFTY_50,17967.449,17971.35,17798.199,17873.6,1e+100,18082.8775,18295.516766647026,17870.23823335297
2021-11-12 09:15:00,NSE:NIFTY_50,17977.6,18123.0,17905.9,18102.75,1e+100,18079.927499999998,18291.82291756098,17868.032082439015
2021-11-15 09:15:00,NSE:NIFTY_50,18140.949,18210.15,18071.301,18109.449,1e+100,18068.472400000002,18271.664648812657,17865.280151187348
2021-11-16 09:15:00,NSE:NIFTY_50,18127.051,18132.65,17958.801,17999.199,1e+100,18044.5798,18223.891336372304,17865.268263627695
2021-11-17 09:15:00,NSE:NIFTY_50,17939.35,18022.65,17879.25,17898.65,1e+100,18018.5748,18177.297809625623,17859.851790374374
2021-11-18 09:15:00,NSE:NIFTY_50,17890.551,17945.6,17688.5,17764.801,1e+100,17993.48485,18150.590481883213,17836.37921811679
2021-11-22 09:15:00,NSE:NIFTY_50,17796.25,17805.25,17280.449,17416.551,1e+100,17955.407400000004,18152.58931994561,17758.225480054396
2021-11-23 09:15:00,NSE:NIFTY_50,17281.75,17553.699,17216.1,17503.35,1e+100,17924.8299,18142.345999202153,17707.31380079785
2021-11-24 09:15:00,NSE:NIFTY_50,17550.051,17600.6,17354.0,17415.051,1e+100,17889.312449999998,18129.199286436135,17649.42561356386
2021-11-25 09:15:00,NSE:NIFTY_50,17417.301,17564.35,17351.699,17536.25,1e+100,17852.704950000003,18087.507412723728,17617.90248727628
2021-11-26 09:15:00,NSE:NIFTY_50,17338.75,17355.4,16985.699,17026.449,1e+100,17793.47995,18077.410984674138,17509.548915325864
2021-11-29 09:15:00,NSE:NIFTY_50,17055.801,17160.699,16782.4,17053.949,1e+100,17753.3149,18081.170339779906,17425.459460220096
2021-11-30 09:15:00,NSE:NIFTY_50,17051.15,17324.65,16931.4,16983.199,1e+100,17718.892350000002,18089.17003406704,17348.614665932964
2021-12-01 09:15:00,NSE:NIFTY_50,17104.4,17213.051,17064.25,17166.9,1e+100,17680.75485,18067.11390664243,17294.395793357573
2021-12-02 09:15:00,NSE:NIFTY_50,17183.199,17420.35,17149.301,17401.65,1e+100,17656.389900000002,18044.290781925443,17268.48901807456
2021-12-03 09:15:00,NSE:NIFTY_50,17424.9,17489.801,17180.801,17196.699,1e+100,17624.764900000002,18023.468372175565,17226.06142782444
2021-12-06 09:15:00,NSE:NIFTY_50,17209.051,17216.75,16891.699,16912.25,1e+100,17574.53735,17997.07734992594,17151.997350074056
2021-12-07 09:15:00,NSE:NIFTY_50,17044.1,17251.65,16987.75,17176.699,1e+100,17529.944750000002,17944.59214910207,17115.297350897934
2021-12-08 09:15:00,NSE:NIFTY_50,17315.25,17484.6,17308.949,17469.75,1e+100,17501.21975,17897.872047113975,17104.567452886025
2021-12-09 09:15:00,NSE:NIFTY_50,17524.4,17543.25,17379.6,17516.85,1e+100,17476.202299999997,17853.925403365447,17098.479196634547
2021-12-10 09:15:00,NSE:NIFTY_50,17476.051,17534.35,17405.25,17511.301,1e+100,17458.08735,17824.259877068213,17091.91482293179
2021-12-13 09:15:00,NSE:NIFTY_50,17619.1,17639.5,17355.949,17368.25,1e+100,17421.362350000003,17754.850326320844,17087.874373679162
2021-12-14 09:15:00,NSE:NIFTY_50,17283.199,17376.199,17225.801,17324.9,1e+100,17382.134899999997,17673.965444472036,17090.30435552796
2021-12-15 09:15:00,NSE:NIFTY_50,17323.65,17351.199,17192.199,17221.4,1e+100,17343.24495,17597.984787088666,17088.505112911334
2021-12-16 09:15:00,NSE:NIFTY_50,17373.0,17379.35,17184.949,17248.4,1e+100,17310.73245,17529.861689593203,17091.603210406796
2021-12-17 09:15:00,NSE:NIFTY_50,17276.0,17298.15,16966.449,16985.199,1e+100,17271.752350000002,17474.59266368994,17068.912036310066
2021-12-20 09:15:00,NSE:NIFTY_50,16824.25,16840.1,16410.199,16614.199,1e+100,17231.63475,17478.825384590735,16984.444115409267
2021-12-21 09:15:00,NSE:NIFTY_50,16773.15,16936.4,16688.25,16770.85,1e+100,17195.00975,17453.815365229086,16936.204134770916
2021-12-22 09:15:00,NSE:NIFTY_50,16865.551,16971.0,16819.5,16955.449,1e+100,17172.02965,17430.67349009135,16913.38580990865
2021-12-23 09:15:00,NSE:NIFTY_50,17066.801,17118.65,17015.551,17072.6,1e+100,17148.847149999998,17393.529254194378,16904.165045805617
2021-12-24 09:15:00,NSE:NIFTY_50,17149.5,17155.6,16909.6,17003.75,1e+100,17147.7122,17393.04370759217,16902.380692407834
2021-12-27 09:15:00,NSE:NIFTY_50,16937.75,17112.051,16833.199,17086.25,1e+100,17149.32725,17394.114732518374,16904.539767481623
2021-12-28 09:15:00,NSE:NIFTY_50,17177.6,17250.25,17161.15,17233.25,1e+100,17161.8298,17404.057995775613,16919.601604224386
2021-12-29 09:15:00,NSE:NIFTY_50,17220.1,17285.949,17176.65,17213.6,1e+100,17164.1648,17406.669371842465,16921.660228157532
2021-12-30 09:15:00,NSE:NIFTY_50,17201.449,17264.051,17146.35,17203.949,1e+100,17154.279749999998,17390.54344723657,16918.016052763425
2021-12-31 09:15:00,NSE:NIFTY_50,17244.5,17400.801,17238.5,17354.051,1e+100,17162.147350000003,17402.48278827948,16921.811911720524
2022-01-03 09:15:00,NSE:NIFTY_50,17387.15,17646.65,17383.301,17625.699,1e+100,17197.8198,17451.678682044778,16943.960917955224
2022-01-04 09:15:00,NSE:NIFTY_50,17681.4,17827.6,17593.551,17805.25,1e+100,17229.247349999998,17516.998507989967,16941.49619201003
2022-01-05 09:15:00,NSE:NIFTY_50,17820.1,17944.699,17748.85,17925.25,1e+100,17252.02235,17575.60574047355,16928.438959526447
2022-01-06 09:15:00,NSE:NIFTY_50,17768.5,17797.949,17655.551,17745.9,1e+100,17263.474850000002,17600.69071519592,16926.258984804084
2022-01-07 09:15:00,NSE:NIFTY_50,17797.6,17905.0,17704.551,17812.699,1e+100,17278.544749999997,17633.677311140054,16923.41218885994
2022-01-10 09:15:00,NSE:NIFTY_50,17913.301,18017.449,17879.15,18003.301,1e+100,17310.2973,17700.528249503823,16920.066350496174
2022-01-11 09:15:00,NSE:NIFTY_50,17997.75,18081.25,17964.4,18055.75,1e+100,17346.8398,17771.234296716855,16922.445303283148
2022-01-12 09:15:00,NSE:NIFTY_50,18170.4,18227.949,18128.801,18212.35,1e+100,17396.3873,17861.279860071252,16931.494739928745
2022-01-13 09:15:00,NSE:NIFTY_50,18257.0,18272.25,18163.801,18257.801,1e+100,17446.85735,17948.2011000426,16945.513599957398
2022-01-14 09:15:00,NSE:NIFTY_50,18185.0,18286.949,18119.65,18255.75,1e+100,17510.384899999997,18030.305412818925,16990.46438718107
2022-01-17 09:15:00,NSE:NIFTY_50,18235.65,18321.551,18228.75,18308.1,1e+100,17595.07995,18099.051786977714,17091.108113022285
2022-01-18 09:15:00,NSE:NIFTY_50,18337.199,18350.949,18085.9,18113.051,1e+100,17662.19,18139.277019471083,17185.102980528914
2022-01-19 09:15:00,NSE:NIFTY_50,18129.199,18129.199,17884.9,17938.4,1e+100,17711.33755,18161.666549522466,17261.008550477534
2022-01-20 09:15:00,NSE:NIFTY_50,17921.0,17943.699,17648.449,17757.0,1e+100,17745.55755,18170.057700763547,17321.057399236455
2022-01-21 09:15:00,NSE:NIFTY_50,17613.699,17707.6,17485.85,17617.15,1e+100,17776.22755,18164.963982264653,17387.491117735346
2022-01-24 09:15:00,NSE:NIFTY_50,17575.15,17599.4,16997.85,17149.1,1e+100,17779.37005,18162.448075580276,17396.292024419727
2022-01-25 09:15:00,NSE:NIFTY_50,17001.551,17309.15,16836.801,17277.949,1e+100,17781.605,18161.445878063172,17401.764121936827
2022-01-27 09:15:00,NSE:NIFTY_50,17062.0,17182.5,16866.75,17110.15,1e+100,17776.432500000003,18165.018993940284,17387.84600605972
2022-01-28 09:15:00,NSE:NIFTY_50,17208.301,17373.5,17077.1,17101.949,1e+100,17771.3325,18168.404695224206,17374.260304775795
2022-01-31 09:15:00,NSE:NIFTY_50,17301.051,17410.0,17264.15,17339.85,1e+100,17770.622450000003,18168.49200349231,17372.752896507696
2022-02-01 09:15:00,NSE:NIFTY_50,17529.449,17622.4,17244.551,17576.85,1e+100,17768.18,18167.134495169706,17369.225504830294
2022-02-02 09:15:00,NSE:NIFTY_50,17706.199,17794.6,17674.801,17780.0,1e+100,17766.9175,18165.78845555232,17368.04654444768
2022-02-03 09:15:00,NSE:NIFTY_50,17767.75,17781.15,17511.15,17560.199,1e+100,17748.66495,18148.260995403296,17349.0689045967
2022-02-04 09:15:00,NSE:NIFTY_50,17590.199,17617.801,17462.551,17516.301,1e+100,17737.184999999998,18140.148532750478,17334.221467249517
2022-02-07 09:15:00,NSE:NIFTY_50,17456.301,17536.75,17119.4,17213.6,1e+100,17707.230050000002,18126.232968796965,17288.22713120304
2022-02-08 09:15:00,NSE:NIFTY_50,17279.85,17306.449,17043.65,17266.75,1e+100,17670.4025,18094.352892547424,17246.452107452576
2022-02-09 09:15:00,NSE:NIFTY_50,17370.1,17477.15,17339.0,17463.801,1e+100,17640.80505,18057.029690422194,17224.580409577804
2022-02-10 09:15:00,NSE:NIFTY_50,17554.1,17639.449,17427.15,17605.85,1e+100,17610.480050000002,18004.36636727195,17216.593732728055
2022-02-11 09:15:00,NSE:NIFTY_50,17451.0,17454.75,17303.0,17374.75,1e+100,17566.327500000003,17932.339973074864,17200.315026925142
2022-02-14 09:15:00,NSE:NIFTY_50,17076.15,17099.5,16809.65,16842.801,1e+100,17495.680050000003,17857.96108712501,17133.399012874994
2022-02-15 09:15:00,NSE:NIFTY_50,16933.25,17375.0,16839.25,17352.449,1e+100,17447.8975,17756.41935490983,17139.375645090167
2022-02-16 09:15:00,NSE:NIFTY_50,17408.449,17490.6,17257.699,17322.199,1e+100,17408.3549,17674.97384296699,17141.735957033008
2022-02-17 09:15:00,NSE:NIFTY_50,17396.551,17442.9,17235.85,17304.6,1e+100,17376.6649,17612.90292709487,17140.42687290513
2022-02-18 09:15:00,NSE:NIFTY_50,17236.051,17380.801,17219.199,17276.301,1e+100,17352.62995,17571.985975335523,17133.273924664474
2022-02-21 09:15:00,NSE:NIFTY_50,17192.25,17351.051,17070.699,17206.65,1e+100,17332.10495,17544.502049249073,17119.70785075093
2022-02-22 09:15:00,NSE:NIFTY_50,16847.949,17148.551,16843.801,17092.199,1e+100,17329.259899999997,17544.598091120974,17113.92170887902
2022-02-23 09:15:00,NSE:NIFTY_50,17194.5,17220.699,17027.85,17063.25,1e+100,17318.52495,17541.762358433614,17095.287541566384
2022-02-24 09:15:00,NSE:NIFTY_50,16548.9,16705.25,16203.25,16247.95,1e+100,17275.41495,17600.862417807093,16949.967482192904
2022-02-25 09:15:00,NSE:NIFTY_50,16515.65,16748.801,16478.301,16658.4,1e+100,17253.2375,17605.163423626203,16901.311576373795
2022-02-28 09:15:00,NSE:NIFTY_50,16481.6,16815.9,16356.3,16793.9,1e+100,17225.94,17591.69598727394,16860.18401272606
2022-03-02 09:15:00,NSE:NIFTY_50,16593.1,16678.5,16478.65,16605.949,1e+100,17177.394949999998,17558.245105414026,16796.54479458597
2022-03-03 09:15:00,NSE:NIFTY_50,16723.199,16768.949,16442.949,16498.051,1e+100,17113.297499999997,17495.26578684046,16731.329213159534
2022-03-04 09:15:00,NSE:NIFTY_50,16339.45,16456.0,16133.8,16245.35,1e+100,17047.555050000003,17460.456604999486,16634.65349500052
2022-03-07 09:15:00,NSE:NIFTY_50,15867.95,15944.6,15711.45,15863.15,1e+100,16964.8975,17439.833137394708,16489.96186260529
2022-03-08 09:15:00,NSE:NIFTY_50,15747.75,16028.75,15671.45,16013.45,1e+100,16904.89,17420.799760790935,16388.980239209064
2022-03-09 09:15:00,NSE:NIFTY_50,16078.0,16418.051,15990.0,16345.35,1e+100,16858.82,17381.806776440848,16335.833223559152
2022-03-10 09:15:00,NSE:NIFTY_50,16757.1,16757.301,16447.9,16594.9,1e+100,16815.37495,17321.271262808776,16309.478637191229
2022-03-11 09:15:00,NSE:NIFTY_50,16528.801,16694.4,16470.9,16630.449,1e+100,16766.6049,17238.13471452466,16295.075085475339
2022-03-14 09:15:00,NSE:NIFTY_50,16633.699,16887.949,16606.5,16871.301,1e+100,16741.43245,17191.748988941963,16291.115911058037
2022-03-15 09:15:00,NSE:NIFTY_50,16900.65,16927.75,16555.0,16663.0,1e+100,16732.4424,17182.423356670304,16282.461443329696
2022-03-16 09:15:00,NSE:NIFTY_50,16876.65,16987.9,16837.85,16975.35,1e+100,16713.58745,17143.68291683551,16283.491983164487
2022-03-17 09:15:00,NSE:NIFTY_50,17202.9,17344.6,17175.75,17287.051,1e+100,16711.83005,17139.372030490107,16284.288069509894
